id;contact_id;name;email;phone_number
1;35443;Tasty applications Yen;Salvatore.Leuschke@hotmail.com;reboot Bedfordshire Cambridgeshire
2;63996;Global Car Assistant;Sophie.Gutkowski@yahoo.com;Optimization multi-byte copying
3;18074;withdrawal;Austen28@gmail.com;Incredible
4;9646;utilize Soft Grocery;Ron.Dooley88@gmail.com;Walk
5;76163;magenta Handcrafted;Kirstin.Lind42@hotmail.com;Card Pants
6;2882;online silver Grove;Marshall40@hotmail.com;Multi-lateral Ergonomic
7;29251;haptic deposit multi-byte;Ed.Wunsch23@gmail.com;backing
8;22524;navigate Identity;Greyson_Mertz@yahoo.com;withdrawal Awesome
9;24743;Dong Industrial;Dell31@hotmail.com;Expanded
10;65464;Syrian;Maxwell.Jakubowski98@gmail.com;architecture Chips
